5,Numer,Dzien,Miesiac,Rok,L1,L2,L3,L4,L5,L6
0,17,26,5,1957,16,24,25,29,32,36
0,2065,19,1,1985,10,16,24,25,32,36
1,25,21,7,1957,3,6,13,22,27,33
1,2251,1,11,1986,3,13,22,27,30,33
2,41,10,11,1957,8,19,28,30,31,47
2,3624,29,12,1999,8,19,28,31,41,47
2,4789,29,12,2009,8,16,19,30,31,47
3,54,16,2,1958,2,8,11,39,41,45
3,1270,12,6,1977,2,7,8,11,39,41
4,56,2,3,1958,11,14,19,22,23,25
4,3337,29,3,1997,3,11,14,22,23,25
5,61,13,4,1958,3,15,18,35,42,43
5,2711,30,3,1991,3,18,35,36,42,43
6,71,22,6,1958,2,14,22,44,48,49
6,5256,22,12,2012,2,14,22,43,44,48
7,74,13,7,1958,9,16,21,24,27,35
7,2501,25,3,1989,9,16,21,22,27,35
8,76,27,7,1958,19,21,22,25,36,44
8,4077,1,5,2004,8,21,22,25,36,44
8,4144,22,12,2004,21,22,25,26,36,44
9,77,3,8,1958,2,4,22,31,32,43
9,4880,29,7,2010,2,4,22,30,31,32
10,79,17,8,1958,34,35,37,38,39,45
10,1186,22,8,1976,27,34,35,38,39,45
11,80,24,8,1958,17,21,27,35,41,49
11,3593,11,9,1999,12,17,21,35,41,49
11,5243,22,11,2012,7,17,21,27,41,49
12,98,28,12,1958,2,22,23,33,41,43
12,2674,24,11,1990,2,22,33,41,43,46
13,103,1,2,1959,7,11,25,34,37,45
13,1887,8,5,1983,6,11,25,34,37,45
14,112,5,4,1959,13,26,30,32,45,46
14,2380,30,1,1988,13,26,30,32,34,46
15,119,24,5,1959,5,17,20,23,32,34
15,3447,18,4,1998,5,9,20,23,32,34
15,4617,22,11,2008,17,20,23,32,34,48
16,125,5,7,1959,6,23,25,29,30,34
16,5924,30,3,2017,6,18,23,25,30,34
17,131,16,8,1959,1,2,4,5,23,36
17,1175,11,7,1976,1,2,5,12,23,36
18,134,6,9,1959,8,13,20,21,23,26
18,2188,29,3,1986,8,13,20,21,23,31
19,151,3,1,1960,3,6,11,15,27,48
19,2311,30,5,1987,3,6,11,15,27,34
19,5114,26,1,2012,3,6,15,27,37,48
20,163,27,3,1960,7,18,20,25,29,46
20,3254,12,6,1996,18,20,25,29,30,46
21,166,17,4,1960,1,14,28,34,41,43
21,4855,1,6,2010,1,14,25,28,34,41
22,175,19,6,1960,13,14,27,31,35,40
22,5316,11,5,2013,13,14,27,30,31,35
23,185,28,8,1960,5,9,10,29,39,41
23,4725,1,8,2009,5,9,10,20,29,39
24,206,22,1,1961,5,15,27,37,45,48
24,5410,17,12,2013,5,15,16,27,45,48
25,207,29,1,1961,6,14,16,26,34,42
25,968,9,6,1974,6,14,24,26,34,42
26,210,19,2,1961,3,22,23,28,40,43
26,5942,11,5,2017,3,22,23,28,38,43
27,223,21,5,1961,2,7,9,23,26,47
27,5812,12,7,2016,2,7,9,23,42,47
28,228,25,6,1961,12,18,21,22,30,45
28,3534,17,2,1999,12,18,22,30,38,45
29,239,10,9,1961,7,13,18,21,23,24
29,631,16,2,1969,7,12,13,18,21,24
30,242,1,10,1961,5,14,21,26,40,44
30,954,7,4,1974,5,14,21,26,35,40
31,252,10,12,1961,5,7,17,19,36,39
31,1747,3,1,1982,5,7,17,18,19,36
32,253,17,12,1961,7,27,32,34,36,41
32,3206,27,12,1995,7,27,30,34,36,41
32,4332,11,10,2006,7,27,34,36,41,46
33,263,25,2,1962,2,5,8,15,22,28
33,6491,12,11,2020,3,5,8,15,22,28
34,277,3,6,1962,12,18,25,30,32,39
34,4533,10,5,2008,3,18,25,30,32,39
35,281,1,7,1962,5,8,22,33,39,48
35,4336,25,10,2006,1,5,22,33,39,48
36,284,22,7,1962,6,9,30,31,34,39
36,6116,21,6,2018,6,9,22,30,34,39
37,290,2,9,1962,1,6,10,15,28,32
37,5475,17,5,2014,1,6,12,15,28,32
38,299,4,11,1962,17,31,37,46,47,49
38,2688,12,1,1991,17,31,35,46,47,49
39,308,6,1,1963,9,13,19,31,35,40
39,6037,19,12,2017,9,13,31,34,35,40
40,315,24,2,1963,4,32,34,44,45,47
40,429,25,4,1965,27,32,34,44,45,47
41,318,17,3,1963,2,9,10,14,32,39
41,2847,18,7,1992,2,9,10,14,33,39
42,325,5,5,1963,1,27,34,40,44,46
42,4879,27,7,2010,1,6,27,34,40,46
43,338,4,8,1963,1,5,17,23,37,48
43,6511,29,12,2020,1,17,23,37,45,48
44,340,18,8,1963,13,18,20,23,27,40
44,6300,24,8,2019,13,18,23,27,40,48
45,349,20,10,1963,6,10,15,19,34,43
45,2633,30,6,1990,6,10,15,32,34,43
46,363,26,1,1964,4,7,11,24,31,39
46,1893,29,5,1983,4,7,11,19,24,31
47,381,31,5,1964,8,21,25,29,35,36
47,1987,22,4,1984,8,14,21,29,35,36
48,391,9,8,1964,7,18,30,31,33,46
48,1748,10,1,1982,7,18,30,33,44,46
49,401,18,10,1964,6,14,21,28,30,34
49,893,10,6,1973,6,14,21,28,34,38
50,315,24,2,1963,4,32,34,44,45,47
50,429,25,4,1965,27,32,34,44,45,47
51,430,2,5,1965,5,7,11,15,16,38
51,3003,15,1,1994,7,11,13,15,16,38
52,434,30,5,1965,9,12,18,36,44,45
52,3135,22,4,1995,9,18,22,36,44,45
53,441,18,7,1965,2,4,6,17,27,49
53,5836,6,9,2016,2,4,6,17,34,49
54,466,9,1,1966,17,23,26,30,31,32
54,6110,7,6,2018,23,26,30,31,32,35
54,6407,30,4,2020,10,17,23,26,30,32
55,478,27,3,1966,6,9,20,34,40,42
55,6334,12,11,2019,9,20,34,40,42,43
56,500,28,8,1966,18,22,23,26,28,41
56,1387,23,7,1978,18,22,23,26,28,48
57,502,11,9,1966,4,7,9,13,28,49
57,3153,24,6,1995,7,9,13,15,28,49
58,503,18,9,1966,3,10,11,12,28,29
58,5021,23,6,2011,3,11,12,28,29,43
59,549,30,7,1967,15,20,29,33,39,46
59,5043,13,8,2011,15,20,29,33,34,46
60,550,6,8,1967,2,20,30,44,47,49
60,5835,3,9,2016,2,20,37,44,47,49
61,584,24,3,1968,2,9,12,23,24,32
61,3131,8,4,1995,2,9,12,23,24,47
62,586,7,4,1968,2,20,21,23,38,49
62,2451,1,10,1988,2,20,21,38,48,49
63,594,2,6,1968,13,15,25,29,37,40
63,1481,17,6,1979,13,15,16,25,29,37
64,602,28,7,1968,2,24,26,36,37,46
64,2231,23,8,1986,2,24,26,37,40,46
64,4582,2,9,2008,24,26,33,36,37,46
65,603,4,8,1968,3,12,14,29,32,41
65,3810,10,10,2001,3,12,14,28,29,41
66,618,17,11,1968,6,16,21,30,40,47
66,5672,20,8,2015,6,16,21,30,47,48
67,239,10,9,1961,7,13,18,21,23,24
67,631,16,2,1969,7,12,13,18,21,24
68,639,6,4,1969,3,19,24,41,42,45
68,4047,17,1,2004,3,19,24,31,41,45
69,645,18,5,1969,6,25,26,33,34,35
69,4801,26,1,2010,6,23,25,26,33,35
70,674,7,12,1969,4,13,15,25,27,31
70,3797,25,8,2001,4,15,25,27,31,33
71,677,21,12,1969,3,28,32,36,37,40
71,6411,9,5,2020,8,28,32,36,37,40
72,679,4,1,1970,3,13,19,22,32,36
72,4415,28,7,2007,3,19,22,23,32,36
73,694,12,4,1970,4,11,25,31,36,43
73,3391,4,10,1997,4,11,25,28,36,43
74,704,21,6,1970,1,10,22,30,45,47
74,2481,14,1,1989,1,10,19,22,30,47
75,718,27,9,1970,19,24,26,35,42,45
75,3424,28,1,1998,19,24,26,32,35,42
76,756,30,5,1971,13,15,20,29,40,49
76,1637,14,12,1980,13,15,20,29,30,49
77,761,4,7,1971,20,27,30,38,47,49
77,6469,22,9,2020,16,20,27,30,38,47
78,762,11,7,1971,5,13,20,24,39,43
78,6059,8,2,2018,5,17,20,24,39,43
79,765,1,8,1971,5,13,18,23,30,32
79,5465,24,4,2014,5,8,18,23,30,32
80,782,14,11,1971,1,2,5,9,10,13
80,2632,30,6,1990,2,5,9,10,13,24
81,786,5,12,1971,15,23,30,33,45,47
81,2828,13,5,1992,7,23,30,33,45,47
82,789,19,12,1971,3,4,8,32,39,49
82,3709,21,10,2000,3,4,8,21,32,49
83,795,23,1,1972,12,14,19,23,33,46
83,2128,31,8,1985,12,14,19,23,27,46
84,800,20,2,1972,20,22,31,34,39,46
84,1551,17,2,1980,17,22,31,34,39,46
85,813,7,5,1972,3,6,7,21,41,45
85,4735,25,8,2009,3,7,21,34,41,45
86,830,13,8,1972,14,15,27,42,43,49
86,1362,30,4,1978,14,27,33,42,43,49
87,837,17,9,1972,2,8,18,30,44,46
87,6019,7,11,2017,2,8,18,27,30,46
88,847,5,11,1972,1,5,14,15,28,41
88,2366,12,12,1987,1,5,10,15,28,41
88,4075,24,4,2004,1,14,15,28,37,41
89,881,15,4,1973,16,21,22,32,42,44
89,5436,15,2,2014,16,21,27,32,42,44
90,884,6,5,1973,2,4,15,20,22,29
90,5390,31,10,2013,2,4,18,20,22,29
91,401,18,10,1964,6,14,21,28,30,34
91,893,10,6,1973,6,14,21,28,34,38
92,900,15,7,1973,6,29,34,35,36,41
92,4539,24,5,2008,6,23,29,34,35,36
93,904,5,8,1973,4,13,25,27,47,48
93,4378,21,3,2007,4,17,25,27,47,48
94,907,19,8,1973,4,15,24,30,41,45
94,1861,6,2,1983,4,15,24,26,30,45
95,929,2,12,1973,13,17,28,29,48,49
95,5029,12,7,2011,14,17,28,29,48,49
96,942,3,2,1974,5,26,27,43,45,46
96,4113,4,9,2004,13,26,27,43,45,46
97,950,10,3,1974,13,15,18,27,30,34
97,4200,6,7,2005,15,18,24,27,30,34
98,242,1,10,1961,5,14,21,26,40,44
98,954,7,4,1974,5,14,21,26,35,40
99,957,14,4,1974,2,10,21,33,35,44
99,1835,7,11,1982,2,10,21,33,36,44
100,207,29,1,1961,6,14,16,26,34,42
100,968,9,6,1974,6,14,24,26,34,42
101,996,20,10,1974,5,8,11,13,35,49
101,5185,10,7,2012,5,8,13,35,45,49
102,1005,24,11,1974,4,18,24,30,35,36
102,5430,1,2,2014,4,18,24,30,36,37
103,1017,5,1,1975,13,15,20,29,31,35
103,1322,11,12,1977,13,15,16,29,31,35
104,1041,30,3,1975,2,22,30,31,34,43
104,1252,10,4,1977,2,15,22,30,31,34
105,1043,6,4,1975,16,20,32,33,43,46
105,2664,20,10,1990,20,27,32,33,43,46
106,1045,13,4,1975,7,8,16,37,45,47
106,1247,20,3,1977,7,8,16,37,38,47
106,1961,22,1,1984,8,16,22,37,45,47
107,1046,20,4,1975,2,4,26,27,32,48
107,3854,13,3,2002,2,4,27,30,32,48
108,1056,25,5,1975,19,22,25,32,40,46
108,4931,25,11,2010,19,22,25,28,40,46
109,1067,29,6,1975,2,3,8,17,29,33
109,2452,8,10,1988,2,3,8,29,33,43
110,1107,16,11,1975,25,28,30,31,35,42
110,3230,20,3,1996,25,28,30,31,42,44
111,1109,23,11,1975,8,27,30,41,44,49
111,5113,24,1,2012,27,30,41,42,44,49
112,1111,30,11,1975,4,24,34,40,44,47
112,5945,18,5,2017,4,17,24,34,40,47
113,1115,14,12,1975,10,19,30,32,39,44
113,1282,24,7,1977,19,27,30,32,39,44
114,1123,11,1,1976,17,20,24,30,36,41
114,3862,10,4,2002,1,17,20,30,36,41
115,1125,18,1,1976,11,20,21,29,38,47
115,1384,16,7,1978,3,11,20,29,38,47
116,1127,25,1,1976,2,12,17,21,30,38
116,1405,24,9,1978,2,17,21,30,38,49
117,1132,15,2,1976,4,9,14,24,44,45
117,3689,12,8,2000,4,9,24,39,44,45
118,1147,4,4,1976,3,21,32,34,36,37
118,2127,24,8,1985,3,21,24,34,36,37
119,1160,23,5,1976,15,24,33,41,42,43
119,3846,13,2,2002,1,15,24,33,42,43
120,131,16,8,1959,1,2,4,5,23,36
120,1175,11,7,1976,1,2,5,12,23,36
121,1183,8,8,1976,10,21,26,33,35,41
121,1899,19,6,1983,2,10,21,26,35,41
122,79,17,8,1958,34,35,37,38,39,45
122,1186,22,8,1976,27,34,35,38,39,45
123,1204,24,10,1976,2,7,15,17,22,40
123,3338,2,4,1997,7,15,17,22,40,45
124,1219,12,12,1976,12,24,26,28,39,46
124,2591,3,2,1990,5,12,24,26,39,46
125,1242,6,3,1977,11,19,29,31,36,49
125,2944,23,6,1993,19,27,29,31,36,49
126,1045,13,4,1975,7,8,16,37,45,47
126,1247,20,3,1977,7,8,16,37,38,47
127,1250,3,4,1977,24,30,33,36,37,46
127,4582,2,9,2008,24,26,33,36,37,46
128,1041,30,3,1975,2,22,30,31,34,43
128,1252,10,4,1977,2,15,22,30,31,34
129,1254,17,4,1977,8,22,25,28,35,39
129,2389,27,2,1988,8,15,22,25,28,39
130,1263,15,5,1977,5,8,19,32,41,46
130,5020,21,6,2011,2,5,19,32,41,46
131,54,16,2,1958,2,8,11,39,41,45
131,1270,12,6,1977,2,7,8,11,39,41
132,1279,10,7,1977,19,24,25,37,40,42
132,5156,3,5,2012,18,19,24,25,40,42
133,1115,14,12,1975,10,19,30,32,39,44
133,1282,24,7,1977,19,27,30,32,39,44
134,1298,18,9,1977,3,4,26,28,33,38
134,5735,14,1,2016,3,4,8,26,33,38
135,1303,2,10,1977,23,28,34,39,40,46
135,1805,25,7,1982,1,23,28,39,40,46
136,1311,30,10,1977,17,23,24,38,39,42
136,2399,2,4,1988,23,24,38,39,41,42
137,1017,5,1,1975,13,15,20,29,31,35
137,1322,11,12,1977,13,15,16,29,31,35
138,1332,15,1,1978,20,28,29,42,44,46
138,3398,29,10,1997,9,20,29,42,44,46
139,1355,2,4,1978,16,17,23,24,27,33
139,5372,19,9,2013,5,16,17,23,24,33
140,1360,23,4,1978,11,24,27,39,40,42
140,1413,22,10,1978,15,24,27,39,40,42
140,4624,9,12,2008,11,22,24,27,40,42
141,830,13,8,1972,14,15,27,42,43,49
141,1362,30,4,1978,14,27,33,42,43,49
141,2676,1,12,1990,17,27,33,42,43,49
141,5439,22,2,2014,14,27,33,43,48,49
142,1365,7,5,1978,2,9,19,23,32,40
142,2206,31,5,1986,2,19,23,31,32,40
143,1371,28,5,1978,1,14,19,28,32,38
143,4402,13,6,2007,1,14,19,27,28,38
144,1380,2,7,1978,1,14,34,36,38,44
144,6208,22,1,2019,1,10,14,36,38,44
145,1125,18,1,1976,11,20,21,29,38,47
145,1384,16,7,1978,3,11,20,29,38,47
146,500,28,8,1966,18,22,23,26,28,41
146,1387,23,7,1978,18,22,23,26,28,48
147,1393,13,8,1978,9,27,34,36,40,46
147,2786,18,12,1991,9,26,27,34,36,46
148,1127,25,1,1976,2,12,17,21,30,38
148,1405,24,9,1978,2,17,21,30,38,49
149,1410,15,10,1978,5,15,25,26,40,42
149,4425,1,9,2007,5,15,21,25,26,40
150,1360,23,4,1978,11,24,27,39,40,42
150,1413,22,10,1978,15,24,27,39,40,42
151,1418,12,11,1978,2,9,23,36,44,45
151,2782,4,12,1991,9,23,36,44,45,47
152,1420,19,11,1978,13,22,25,34,38,45
152,2862,9,9,1992,22,25,34,38,45,46
153,1432,31,12,1978,3,18,19,28,33,47
153,4602,18,10,2008,3,6,18,19,28,33
153,4733,20,8,2009,3,5,18,19,33,47
154,1475,27,5,1979,1,7,16,29,32,39
154,3852,6,3,2002,7,14,16,29,32,39
155,1477,3,6,1979,2,14,24,26,36,40
155,6172,30,10,2018,2,14,22,24,26,36
156,594,2,6,1968,13,15,25,29,37,40
156,1481,17,6,1979,13,15,16,25,29,37
157,1486,8,7,1979,5,12,27,29,30,49
157,5264,10,1,2013,5,21,27,29,30,49
158,1501,26,8,1979,11,19,27,31,43,45
158,4372,28,2,2007,4,11,19,27,43,45
159,1506,16,9,1979,3,6,8,18,19,26
159,2918,24,3,1993,3,6,8,14,18,26
160,1513,7,10,1979,4,19,24,36,38,43
160,1617,5,10,1980,4,24,32,36,38,43
161,1524,18,11,1979,8,20,30,36,40,47
161,3562,26,5,1999,8,20,30,39,40,47
162,1546,3,2,1980,14,15,24,26,42,49
162,3366,9,7,1997,9,14,15,26,42,49
163,800,20,2,1972,20,22,31,34,39,46
163,1551,17,2,1980,17,22,31,34,39,46
164,1570,27,4,1980,3,9,15,34,36,47
164,2454,15,10,1988,9,15,26,34,36,47
165,1572,4,5,1980,3,4,18,19,39,43
165,5146,10,4,2012,3,4,18,20,39,43
166,1579,25,5,1980,2,16,37,38,45,48
166,5225,11,10,2012,2,4,16,37,38,48
167,1588,29,6,1980,2,3,26,30,42,45
167,5360,22,8,2013,2,3,17,26,30,42
168,1589,29,6,1980,5,15,18,24,28,44
168,4013,20,9,2003,5,15,18,21,24,28
169,1590,6,7,1980,2,3,22,31,36,44
169,4607,30,10,2008,2,22,31,36,44,46
170,1601,10,8,1980,4,7,22,23,31,45
170,1833,31,10,1982,3,4,7,23,31,45
171,1604,24,8,1980,2,15,17,24,25,43
171,3660,3,5,2000,2,15,17,24,40,43
172,1605,24,8,1980,14,21,38,40,42,44
172,5921,23,3,2017,14,21,32,38,42,44
173,1612,21,9,1980,2,3,20,23,31,47
173,3143,20,5,1995,2,3,4,20,31,47
174,1614,28,9,1980,21,22,25,26,42,44
174,4144,22,12,2004,21,22,25,26,36,44
175,1513,7,10,1979,4,19,24,36,38,43
175,1617,5,10,1980,4,24,32,36,38,43
176,1620,19,10,1980,9,16,27,30,47,49
176,1639,21,12,1980,9,16,30,34,47,49
176,2798,29,1,1992,9,14,16,27,47,49
177,1627,9,11,1980,6,10,12,22,30,46
177,5283,23,2,2013,6,10,12,22,30,45
177,5331,15,6,2013,6,10,12,22,30,37
178,756,30,5,1971,13,15,20,29,40,49
178,1637,14,12,1980,13,15,20,29,30,49
179,1620,19,10,1980,9,16,27,30,47,49
179,1639,21,12,1980,9,16,30,34,47,49
180,1668,5,4,1981,17,21,31,35,39,41
180,4703,11,6,2009,21,23,31,35,39,41
181,1674,26,4,1981,1,21,27,31,33,41
181,6036,16,12,2017,1,13,27,31,33,41
182,1675,26,4,1981,11,13,29,30,44,46
182,5458,8,4,2014,11,13,17,29,30,46
183,1678,10,5,1981,7,9,14,27,42,45
183,2138,5,10,1985,7,9,10,14,42,45
184,1689,14,6,1981,1,2,5,6,11,16
184,2043,3,11,1984,1,2,5,11,16,29
185,1690,21,6,1981,6,19,24,28,31,35
185,5086,22,11,2011,6,9,19,28,31,35
186,1693,28,6,1981,17,30,31,34,45,46
186,1895,5,6,1983,17,28,30,31,34,46
187,1704,9,8,1981,3,11,25,29,36,45
187,5479,27,5,2014,3,11,20,29,36,45
188,1706,16,8,1981,1,2,4,5,10,29
188,2158,14,12,1985,1,2,4,5,10,31
189,1710,30,8,1981,3,8,18,19,27,36
189,6108,2,6,2018,3,8,12,19,27,36
190,1722,11,10,1981,3,7,22,32,41,46
190,6086,12,4,2018,3,6,7,22,32,41
191,1726,25,10,1981,8,14,16,20,42,46
191,2556,7,10,1989,8,14,16,20,46,49
192,1731,8,11,1981,8,10,16,24,29,44
192,4991,14,4,2011,5,8,10,16,24,44
193,1738,6,12,1981,1,17,26,28,34,38
193,3773,2,6,2001,1,17,28,34,38,43
194,252,10,12,1961,5,7,17,19,36,39
194,1747,3,1,1982,5,7,17,18,19,36
195,391,9,8,1964,7,18,30,31,33,46
195,1748,10,1,1982,7,18,30,33,44,46
196,1755,31,1,1982,11,17,19,23,38,42
196,5094,10,12,2011,11,17,23,38,42,46
197,1779,25,4,1982,13,19,33,36,43,49
197,3088,9,11,1994,13,19,33,36,43,48
198,1785,16,5,1982,6,16,29,35,38,39
198,4066,24,3,2004,6,21,29,35,38,39
199,1793,13,6,1982,1,2,26,37,43,44
199,5800,14,6,2016,1,2,13,26,37,44
200,1303,2,10,1977,23,28,34,39,40,46
200,1805,25,7,1982,1,23,28,39,40,46
201,1814,29,8,1982,8,10,21,29,32,41
201,3331,8,3,1997,8,10,21,32,40,41
202,1820,19,9,1982,5,26,29,38,43,46
202,1856,23,1,1983,5,26,29,36,38,43
203,1822,26,9,1982,14,17,18,22,33,46
203,4585,9,9,2008,14,17,22,24,33,46
204,1827,10,10,1982,3,6,7,25,33,45
204,6487,3,11,2020,3,6,10,25,33,45
205,1601,10,8,1980,4,7,22,23,31,45
205,1833,31,10,1982,3,4,7,23,31,45
206,1834,7,11,1982,12,17,22,25,30,31
206,2187,22,3,1986,17,22,25,30,31,39
207,957,14,4,1974,2,10,21,33,35,44
207,1835,7,11,1982,2,10,21,33,36,44
208,1838,21,11,1982,4,8,16,26,31,39
208,3936,25,12,2002,4,13,16,26,31,39
209,1847,19,12,1982,2,13,21,24,27,36
209,6188,6,12,2018,2,21,24,27,35,36
210,1820,19,9,1982,5,26,29,38,43,46
210,1856,23,1,1983,5,26,29,36,38,43
211,907,19,8,1973,4,15,24,30,41,45
211,1861,6,2,1983,4,15,24,26,30,45
212,1871,13,3,1983,3,6,15,21,27,37
212,2498,18,3,1989,3,6,15,21,27,34
212,5114,26,1,2012,3,6,15,27,37,48
213,1879,10,4,1983,5,10,16,34,35,42
213,3214,24,1,1996,5,10,16,30,35,42
214,1881,17,4,1983,6,32,37,40,46,49
214,4687,5,5,2009,6,32,40,45,46,49
215,1885,1,5,1983,4,33,36,40,45,47
215,4408,4,7,2007,4,16,33,40,45,47
216,103,1,2,1959,7,11,25,34,37,45
216,1887,8,5,1983,6,11,25,34,37,45
217,363,26,1,1964,4,7,11,24,31,39
217,1893,29,5,1983,4,7,11,19,24,31
217,3588,25,8,1999,4,7,11,19,24,33
218,1693,28,6,1981,17,30,31,34,45,46
218,1895,5,6,1983,17,28,30,31,34,46
219,1183,8,8,1976,10,21,26,33,35,41
219,1899,19,6,1983,2,10,21,26,35,41
220,1921,4,9,1983,11,14,27,36,40,45
220,4258,25,1,2006,5,11,14,36,40,45
221,1928,2,10,1983,29,30,31,34,38,49
221,2808,4,3,1992,29,30,32,34,38,49
222,1045,13,4,1975,7,8,16,37,45,47
222,1961,22,1,1984,8,16,22,37,45,47
223,1967,12,2,1984,2,5,10,15,28,39
223,2714,13,4,1991,2,5,11,15,28,39
223,6495,21,11,2020,2,10,15,28,39,40
224,1972,4,3,1984,2,15,19,34,35,42
224,4499,21,2,2008,2,15,19,34,35,44
225,1975,11,3,1984,1,14,26,30,44,45
225,4070,7,4,2004,1,5,14,26,44,45
226,381,31,5,1964,8,21,25,29,35,36
226,1987,22,4,1984,8,14,21,29,35,36
227,1988,29,4,1984,9,18,30,33,45,46
227,3162,26,7,1995,9,18,33,45,46,48
228,1998,2,6,1984,9,13,18,35,39,48
228,3816,31,10,2001,9,18,30,35,39,48
229,2004,23,6,1984,2,9,10,13,22,24
229,2632,30,6,1990,2,5,9,10,13,24
230,2023,25,8,1984,2,18,33,36,39,46
230,3321,1,2,1997,2,22,33,36,39,46
231,2033,29,9,1984,1,8,13,17,23,40
231,4633,30,12,2008,8,11,13,17,23,40
232,1689,14,6,1981,1,2,5,6,11,16
232,2043,3,11,1984,1,2,5,11,16,29
233,17,26,5,1957,16,24,25,29,32,36
233,2065,19,1,1985,10,16,24,25,32,36
234,2071,9,2,1985,5,10,17,33,39,46
234,4631,25,12,2008,2,10,17,33,39,46
235,2098,18,5,1985,4,5,6,27,34,43
235,4231,22,10,2005,5,6,14,27,34,43
236,2099,18,5,1985,4,7,21,34,37,39
236,5989,29,8,2017,4,21,34,37,38,39
237,1147,4,4,1976,3,21,32,34,36,37
237,2127,24,8,1985,3,21,24,34,36,37
238,795,23,1,1972,12,14,19,23,33,46
238,2128,31,8,1985,12,14,19,23,27,46
239,1678,10,5,1981,7,9,14,27,42,45
239,2138,5,10,1985,7,9,10,14,42,45
240,2147,2,11,1985,10,11,15,28,37,39
240,4640,15,1,2009,10,11,15,24,28,37
240,6092,26,4,2018,1,10,11,15,37,39
241,2154,30,11,1985,7,18,20,26,27,29
241,6026,23,11,2017,2,7,18,20,27,29
242,1706,16,8,1981,1,2,4,5,10,29
242,2158,14,12,1985,1,2,4,5,10,31
243,2170,25,1,1986,11,14,27,29,39,49
243,2848,22,7,1992,11,14,27,35,39,49
244,2174,8,2,1986,6,10,25,29,32,42
244,4529,1,5,2008,5,6,10,25,29,32
245,2182,8,3,1986,2,11,13,31,37,41
245,3697,9,9,2000,2,11,13,31,34,37
246,1834,7,11,1982,12,17,22,25,30,31
246,2187,22,3,1986,17,22,25,30,31,39
246,4338,1,11,2006,22,24,25,30,31,39
247,134,6,9,1959,8,13,20,21,23,26
247,2188,29,3,1986,8,13,20,21,23,31
248,2191,5,4,1986,16,18,26,28,30,49
248,3700,20,9,2000,16,18,19,26,30,49
249,2193,12,4,1986,4,16,19,23,27,30
249,4751,1,10,2009,4,16,19,27,28,30
250,1365,7,5,1978,2,9,19,23,32,40
250,2206,31,5,1986,2,19,23,31,32,40
251,2208,7,6,1986,13,17,18,25,28,37
251,3538,3,3,1999,13,17,18,21,25,37
252,2217,5,7,1986,3,5,6,23,36,40
252,6133,31,7,2018,3,5,6,24,36,40
253,2220,19,7,1986,6,8,24,27,40,49
253,4398,30,5,2007,6,8,24,32,40,49
254,602,28,7,1968,2,24,26,36,37,46
254,2231,23,8,1986,2,24,26,37,40,46
255,25,21,7,1957,3,6,13,22,27,33
255,2251,1,11,1986,3,13,22,27,30,33
256,2274,24,1,1987,4,14,27,35,36,46
256,5985,19,8,2017,4,15,27,35,36,46
257,2281,14,2,1987,1,5,9,11,37,44
257,6066,24,2,2018,1,4,5,11,37,44
258,2287,7,3,1987,7,11,18,21,29,46
258,6251,2,5,2019,7,9,11,18,29,46
259,2293,28,3,1987,3,6,7,12,26,28
259,4323,10,9,2006,3,6,7,12,28,32
260,2301,25,4,1987,3,26,32,36,45,49
260,4972,1,3,2011,26,32,36,38,45,49
261,2310,30,5,1987,5,9,29,33,35,49
261,3133,15,4,1995,5,9,14,29,33,49
262,151,3,1,1960,3,6,11,15,27,48
262,2311,30,5,1987,3,6,11,15,27,34
262,2498,18,3,1989,3,6,15,21,27,34
263,2316,20,6,1987,7,8,24,25,31,44
263,2476,31,12,1988,7,8,24,25,31,35
264,2326,25,7,1987,6,8,11,12,34,45
264,4453,6,11,2007,6,11,12,15,34,45
265,2357,7,11,1987,2,9,12,17,18,29
265,6104,24,5,2018,2,9,12,17,18,23
266,847,5,11,1972,1,5,14,15,28,41
266,2366,12,12,1987,1,5,10,15,28,41
267,112,5,4,1959,13,26,30,32,45,46
267,2380,30,1,1988,13,26,30,32,34,46
268,2386,20,2,1988,3,22,29,35,41,47
268,5018,16,6,2011,22,23,29,35,41,47
269,1254,17,4,1977,8,22,25,28,35,39
269,2389,27,2,1988,8,15,22,25,28,39
270,2390,5,3,1988,14,16,19,24,37,44
270,3333,15,3,1997,14,16,19,36,37,44
271,2396,26,3,1988,3,7,22,26,32,42
271,4153,22,1,2005,7,21,22,26,32,42
272,1311,30,10,1977,17,23,24,38,39,42
272,2399,2,4,1988,23,24,38,39,41,42
273,2403,16,4,1988,18,26,31,35,42,46
273,4749,26,9,2009,18,26,35,42,43,46
274,2407,30,4,1988,6,10,11,24,33,43
274,4042,31,12,2003,10,11,23,24,33,43
275,2431,23,7,1988,3,6,7,38,40,46
275,4626,13,12,2008,3,7,38,40,43,46
276,2432,30,7,1988,9,19,23,26,42,47
276,2548,9,9,1989,9,23,26,42,46,47
277,2443,3,9,1988,5,9,14,24,29,40
277,2745,27,7,1991,5,14,24,25,29,40
278,586,7,4,1968,2,20,21,23,38,49
278,2451,1,10,1988,2,20,21,38,48,49
279,1067,29,6,1975,2,3,8,17,29,33
279,2452,8,10,1988,2,3,8,29,33,43
280,1570,27,4,1980,3,9,15,34,36,47
280,2454,15,10,1988,9,15,26,34,36,47
280,4340,8,11,2006,15,26,34,36,47,49
281,2461,5,11,1988,8,13,17,38,41,44
281,3269,3,8,1996,8,13,14,38,41,44
282,2463,12,11,1988,1,5,8,22,25,49
282,2825,2,5,1992,1,5,8,22,25,36
283,2470,10,12,1988,9,12,26,27,47,49
283,3724,13,12,2000,9,22,26,27,47,49
284,2316,20,6,1987,7,8,24,25,31,44
284,2476,31,12,1988,7,8,24,25,31,35
285,2480,14,1,1989,12,19,36,38,39,42
285,3549,10,4,1999,12,19,36,38,39,49
286,704,21,6,1970,1,10,22,30,45,47
286,2481,14,1,1989,1,10,19,22,30,47
287,1871,13,3,1983,3,6,15,21,27,37
287,2311,30,5,1987,3,6,11,15,27,34
287,2498,18,3,1989,3,6,15,21,27,34
288,74,13,7,1958,9,16,21,24,27,35
288,2501,25,3,1989,9,16,21,22,27,35
289,2503,1,4,1989,1,5,7,17,18,40
289,5379,5,10,2013,1,5,17,18,27,40
290,2509,22,4,1989,3,25,28,32,34,48
290,5941,9,5,2017,3,17,28,32,34,48
291,2517,20,5,1989,15,16,21,22,40,49
291,6337,19,11,2019,14,15,16,21,40,49
292,2524,17,6,1989,12,20,27,36,42,46
292,5205,25,8,2012,12,27,36,42,45,46
293,2529,1,7,1989,2,4,17,34,40,49
293,5836,6,9,2016,2,4,6,17,34,49
294,2532,15,7,1989,11,12,14,35,39,42
294,4551,21,6,2008,12,14,18,35,39,42
294,4999,3,5,2011,11,12,14,35,37,39
295,2536,29,7,1989,9,27,31,34,37,39
295,6237,30,3,2019,9,27,31,34,37,45
296,2538,5,8,1989,4,17,19,26,35,48
296,4741,8,9,2009,4,7,19,26,35,48
297,2539,5,8,1989,13,14,27,28,30,31
297,5316,11,5,2013,13,14,27,30,31,35
298,2540,12,8,1989,1,10,15,32,44,48
298,4313,5,8,2006,1,10,15,25,32,48
299,2432,30,7,1988,9,19,23,26,42,47
299,2548,9,9,1989,9,23,26,42,46,47
300,2554,30,9,1989,1,4,22,33,48,49
300,5671,18,8,2015,1,4,23,33,48,49
301,1726,25,10,1981,8,14,16,20,42,46
301,2556,7,10,1989,8,14,16,20,46,49
301,3515,12,12,1998,8,14,16,20,45,49
302,2560,21,10,1989,2,6,8,16,25,48
302,6253,7,5,2019,2,6,8,16,36,48
303,2578,23,12,1989,5,15,19,27,31,48
303,5469,3,5,2014,4,5,15,19,27,48
304,2586,20,1,1990,6,9,10,13,35,40
304,4696,26,5,2009,6,9,10,13,35,37
305,1219,12,12,1976,12,24,26,28,39,46
305,2591,3,2,1990,5,12,24,26,39,46
306,2620,19,5,1990,4,10,11,28,39,46
306,5377,1,10,2013,4,10,11,21,28,39
307,782,14,11,1971,1,2,5,9,10,13
307,2004,23,6,1984,2,9,10,13,22,24
307,2632,30,6,1990,2,5,9,10,13,24
308,349,20,10,1963,6,10,15,19,34,43
308,2633,30,6,1990,6,10,15,32,34,43
309,2649,25,8,1990,13,17,39,43,48,49
309,6522,23,1,2021,13,17,35,39,43,48
310,2662,13,10,1990,6,8,12,23,36,39
310,3141,13,5,1995,1,6,8,12,23,36
311,1043,6,4,1975,16,20,32,33,43,46
311,2664,20,10,1990,20,27,32,33,43,46
311,3444,8,4,1998,13,27,32,33,43,46
311,5462,17,4,2014,20,24,27,33,43,46
312,98,28,12,1958,2,22,23,33,41,43
312,2674,24,11,1990,2,22,33,41,43,46
313,1362,30,4,1978,14,27,33,42,43,49
313,2676,1,12,1990,17,27,33,42,43,49
314,2683,22,12,1990,14,17,26,30,35,46
314,6294,10,8,2019,14,17,26,35,39,46
315,2686,5,1,1991,3,8,10,17,18,44
315,4111,28,8,2004,3,7,8,10,17,44
315,4337,28,10,2006,8,10,12,17,18,44
316,299,4,11,1962,17,31,37,46,47,49
316,2688,12,1,1991,17,31,35,46,47,49
317,61,13,4,1958,3,15,18,35,42,43
317,2711,30,3,1991,3,18,35,36,42,43
318,1967,12,2,1984,2,5,10,15,28,39
318,2714,13,4,1991,2,5,11,15,28,39
319,2719,27,4,1991,9,30,32,38,42,45
319,6363,18,1,2020,9,15,30,32,38,42
320,2721,4,5,1991,6,13,23,32,41,47
320,4661,5,3,2009,13,23,32,41,45,47
321,2730,8,6,1991,4,6,7,15,43,44
321,6328,29,10,2019,6,7,15,27,43,44
321,6378,22,2,2020,4,6,15,35,43,44
322,2736,29,6,1991,9,14,17,20,39,41
322,5584,27,1,2015,9,11,17,20,39,41
323,2738,6,7,1991,1,17,18,23,38,48
323,3362,25,6,1997,1,17,18,23,27,48
324,2443,3,9,1988,5,9,14,24,29,40
324,2745,27,7,1991,5,14,24,25,29,40
325,2769,19,10,1991,2,8,21,28,33,36
325,3723,9,12,2000,1,2,8,21,33,36
326,2778,20,11,1991,7,14,20,21,32,38
326,4928,18,11,2010,7,20,21,26,32,38
327,1418,12,11,1978,2,9,23,36,44,45
327,2782,4,12,1991,9,23,36,44,45,47
328,1393,13,8,1978,9,27,34,36,40,46
328,2786,18,12,1991,9,26,27,34,36,46
329,2793,11,1,1992,1,4,5,15,39,47
329,6130,24,7,2018,4,5,15,37,39,47
330,1620,19,10,1980,9,16,27,30,47,49
330,2798,29,1,1992,9,14,16,27,47,49
331,1928,2,10,1983,29,30,31,34,38,49
331,2808,4,3,1992,29,30,32,34,38,49
332,2814,25,3,1992,4,6,37,41,42,47
332,4606,28,10,2008,4,6,19,37,41,42
333,2815,28,3,1992,4,17,28,38,40,42
333,3348,7,5,1997,4,26,28,38,40,42
334,2463,12,11,1988,1,5,8,22,25,49
334,2825,2,5,1992,1,5,8,22,25,36
335,786,5,12,1971,15,23,30,33,45,47
335,2828,13,5,1992,7,23,30,33,45,47
336,2835,6,6,1992,2,10,22,31,38,43
336,6376,18,2,2020,2,10,19,22,31,38
337,2846,15,7,1992,15,16,23,31,32,35
337,5998,19,9,2017,3,15,16,31,32,35
338,318,17,3,1963,2,9,10,14,32,39
338,2847,18,7,1992,2,9,10,14,33,39
339,2170,25,1,1986,11,14,27,29,39,49
339,2848,22,7,1992,11,14,27,35,39,49
340,1420,19,11,1978,13,22,25,34,38,45
340,2862,9,9,1992,22,25,34,38,45,46
341,2877,31,10,1992,23,26,36,39,40,45
341,5131,6,3,2012,10,26,36,39,40,45
342,2896,6,1,1993,4,5,19,24,44,46
342,4480,8,1,2008,4,5,19,24,29,44
343,2899,16,1,1993,5,13,21,29,39,42
343,4116,15,9,2004,5,21,29,39,41,42
344,1506,16,9,1979,3,6,8,18,19,26
344,2918,24,3,1993,3,6,8,14,18,26
345,2925,17,4,1993,3,17,21,22,24,29
345,4321,2,9,2006,3,17,19,21,22,29
346,1242,6,3,1977,11,19,29,31,36,49
346,2944,23,6,1993,19,27,29,31,36,49
347,2969,18,9,1993,2,3,13,28,31,39
347,5551,11,11,2014,2,3,11,13,28,31
348,2972,29,9,1993,3,4,17,19,20,31
348,3170,23,8,1995,3,4,17,19,20,36
348,3389,27,9,1997,3,4,17,19,31,47
349,2977,16,10,1993,1,13,16,17,22,36
349,4589,18,9,2008,1,13,16,17,22,37
350,2994,15,12,1993,7,30,31,44,48,49
350,5755,1,3,2016,3,7,30,31,44,48
351,430,2,5,1965,5,7,11,15,16,38
351,3003,15,1,1994,7,11,13,15,16,38
352,3012,16,2,1994,5,9,27,28,30,34
352,5802,18,6,2016,5,9,27,28,30,48
353,3022,23,3,1994,3,18,27,33,40,41
353,5272,29,1,2013,3,13,27,33,40,41
354,3026,6,4,1994,7,24,36,38,42,44
354,6154,18,9,2018,7,21,24,36,38,42
355,3030,20,4,1994,1,3,13,18,23,38
355,5877,10,12,2016,3,13,18,21,23,38
356,3032,27,4,1994,17,21,30,34,40,41
356,5925,1,4,2017,17,21,30,40,41,44
357,3048,22,6,1994,10,19,25,31,39,49
357,6113,14,6,2018,10,25,31,39,42,49
358,3070,7,9,1994,4,12,25,30,35,41
358,3983,7,6,2003,12,15,25,30,35,41
359,3074,21,9,1994,2,7,10,16,21,30
359,4399,2,6,2007,2,10,16,21,30,44
360,3075,24,9,1994,2,12,16,41,45,46
360,5878,13,12,2016,2,12,16,41,42,46
361,3077,1,10,1994,18,21,33,44,45,49
361,3861,6,4,2002,18,21,33,38,44,45
362,1779,25,4,1982,13,19,33,36,43,49
362,3088,9,11,1994,13,19,33,36,43,48
363,3090,16,11,1994,2,20,29,30,35,43
363,3762,25,4,2001,1,2,20,29,30,43
364,3114,8,2,1995,3,21,23,30,40,41
364,4648,3,2,2009,3,18,21,23,30,41
365,584,24,3,1968,2,9,12,23,24,32
365,3131,8,4,1995,2,9,12,23,24,47
366,3132,12,4,1995,19,20,31,38,41,42
366,3174,6,9,1995,19,31,38,41,42,43
367,2310,30,5,1987,5,9,29,33,35,49
367,3133,15,4,1995,5,9,14,29,33,49
368,3134,19,4,1995,5,6,9,11,17,23
368,5644,16,6,2015,5,6,11,17,23,28
369,434,30,5,1965,9,12,18,36,44,45
369,3135,22,4,1995,9,18,22,36,44,45
370,2662,13,10,1990,6,8,12,23,36,39
370,3141,13,5,1995,1,6,8,12,23,36
371,1612,21,9,1980,2,3,20,23,31,47
371,3143,20,5,1995,2,3,4,20,31,47
372,502,11,9,1966,4,7,9,13,28,49
372,3153,24,6,1995,7,9,13,15,28,49
373,1988,29,4,1984,9,18,30,33,45,46
373,3162,26,7,1995,9,18,33,45,46,48
374,3166,9,8,1995,9,13,23,25,28,45
374,3561,22,5,1999,9,13,23,25,28,49
375,2972,29,9,1993,3,4,17,19,20,31
375,3170,23,8,1995,3,4,17,19,20,36
376,3132,12,4,1995,19,20,31,38,41,42
376,3174,6,9,1995,19,31,38,41,42,43
377,3187,21,10,1995,3,4,6,11,23,40
377,6281,11,7,2019,4,6,11,23,40,49
378,3194,15,11,1995,8,12,14,18,24,28
378,4441,9,10,2007,5,8,12,14,18,24
379,3198,29,11,1995,4,15,21,22,43,48
379,3234,3,4,1996,4,21,22,43,47,48
380,253,17,12,1961,7,27,32,34,36,41
380,3206,27,12,1995,7,27,30,34,36,41
380,4332,11,10,2006,7,27,34,36,41,46
381,1879,10,4,1983,5,10,16,34,35,42
381,3214,24,1,1996,5,10,16,30,35,42
382,1107,16,11,1975,25,28,30,31,35,42
382,3230,20,3,1996,25,28,30,31,42,44
383,3198,29,11,1995,4,15,21,22,43,48
383,3234,3,4,1996,4,21,22,43,47,48
384,3245,11,5,1996,2,14,22,23,31,34
384,5596,24,2,2015,2,14,22,23,34,49
385,163,27,3,1960,7,18,20,25,29,46
385,3254,12,6,1996,18,20,25,29,30,46
386,3256,19,6,1996,4,6,12,25,29,48
386,3948,5,2,2003,6,12,25,29,35,48
387,2461,5,11,1988,8,13,17,38,41,44
387,3269,3,8,1996,8,13,14,38,41,44
388,3290,16,10,1996,9,18,20,26,29,43
388,3618,8,12,1999,9,18,20,26,29,44
389,3298,13,11,1996,4,7,16,22,35,46
389,5744,4,2,2016,4,7,16,22,42,46
390,3311,28,12,1996,3,11,12,21,39,44
390,4455,10,11,2007,3,11,12,21,32,44
391,2023,25,8,1984,2,18,33,36,39,46
391,3321,1,2,1997,2,22,33,36,39,46
392,3327,22,2,1997,8,15,17,26,27,35
392,5483,5,6,2014,8,15,17,27,29,35
393,3330,5,3,1997,3,4,12,19,31,47
393,3389,27,9,1997,3,4,17,19,31,47
394,1814,29,8,1982,8,10,21,29,32,41
394,3331,8,3,1997,8,10,21,32,40,41
395,2390,5,3,1988,14,16,19,24,37,44
395,3333,15,3,1997,14,16,19,36,37,44
396,56,2,3,1958,11,14,19,22,23,25
396,3337,29,3,1997,3,11,14,22,23,25
397,1204,24,10,1976,2,7,15,17,22,40
397,3338,2,4,1997,7,15,17,22,40,45
398,2815,28,3,1992,4,17,28,38,40,42
398,3348,7,5,1997,4,26,28,38,40,42
399,2738,6,7,1991,1,17,18,23,38,48
399,3362,25,6,1997,1,17,18,23,27,48
400,1546,3,2,1980,14,15,24,26,42,49
400,3366,9,7,1997,9,14,15,26,42,49
401,2972,29,9,1993,3,4,17,19,20,31
401,3330,5,3,1997,3,4,12,19,31,47
401,3389,27,9,1997,3,4,17,19,31,47
402,694,12,4,1970,4,11,25,31,36,43
402,3391,4,10,1997,4,11,25,28,36,43
403,1332,15,1,1978,20,28,29,42,44,46
403,3398,29,10,1997,9,20,29,42,44,46
404,718,27,9,1970,19,24,26,35,42,45
404,3424,28,1,1998,19,24,26,32,35,42
405,2664,20,10,1990,20,27,32,33,43,46
405,3444,8,4,1998,13,27,32,33,43,46
406,119,24,5,1959,5,17,20,23,32,34
406,3447,18,4,1998,5,9,20,23,32,34
407,3463,13,6,1998,1,6,11,14,34,48
407,5539,14,10,2014,6,11,14,31,34,48
408,3465,20,6,1998,4,5,27,34,36,46
408,4072,14,4,2004,1,4,5,34,36,46
409,3471,11,7,1998,5,18,28,38,43,44
409,5412,21,12,2013,18,27,28,38,43,44
410,3478,5,8,1998,6,19,20,29,40,47
410,3996,23,7,2003,6,18,19,29,40,47
411,3492,23,9,1998,6,9,16,19,22,38
411,3974,7,5,2003,6,9,16,22,24,38
412,3501,24,10,1998,31,33,35,36,38,43
412,5026,5,7,2011,15,31,35,36,38,43
413,2556,7,10,1989,8,14,16,20,46,49
413,3515,12,12,1998,8,14,16,20,45,49
414,228,25,6,1961,12,18,21,22,30,45
414,3534,17,2,1999,12,18,22,30,38,45
415,2208,7,6,1986,13,17,18,25,28,37
415,3538,3,3,1999,13,17,18,21,25,37
416,2480,14,1,1989,12,19,36,38,39,42
416,3549,10,4,1999,12,19,36,38,39,49
417,3558,12,5,1999,11,15,20,23,27,32
417,3927,23,11,2002,15,20,21,23,27,32
418,3166,9,8,1995,9,13,23,25,28,45
418,3561,22,5,1999,9,13,23,25,28,49
419,1524,18,11,1979,8,20,30,36,40,47
419,3562,26,5,1999,8,20,30,39,40,47
420,1893,29,5,1983,4,7,11,19,24,31
420,3588,25,8,1999,4,7,11,19,24,33
421,80,24,8,1958,17,21,27,35,41,49
421,3593,11,9,1999,12,17,21,35,41,49
422,3598,29,9,1999,3,13,14,26,29,37
422,6398,9,4,2020,3,13,14,26,37,38
423,3290,16,10,1996,9,18,20,26,29,43
423,3618,8,12,1999,9,18,20,26,29,44
423,5681,10,9,2015,4,9,18,26,29,44
424,41,10,11,1957,8,19,28,30,31,47
424,3624,29,12,1999,8,19,28,31,41,47
425,3655,15,4,2000,13,17,25,32,39,49
425,6075,17,3,2018,13,25,32,34,39,49
426,3657,22,4,2000,1,3,13,25,38,44
426,6125,12,7,2018,3,13,24,25,38,44
427,1604,24,8,1980,2,15,17,24,25,43
427,3660,3,5,2000,2,15,17,24,40,43
428,3661,6,5,2000,1,24,29,35,45,47
428,5746,9,2,2016,24,25,29,35,45,47
429,3663,13,5,2000,7,8,15,38,43,46
429,4386,18,4,2007,7,15,22,38,43,46
429,4494,9,2,2008,7,8,30,38,43,46
430,3683,22,7,2000,8,16,17,24,27,39
430,4223,24,9,2005,8,16,24,27,31,39
431,1132,15,2,1976,4,9,14,24,44,45
431,3689,12,8,2000,4,9,24,39,44,45
432,2182,8,3,1986,2,11,13,31,37,41
432,3697,9,9,2000,2,11,13,31,34,37
433,2191,5,4,1986,16,18,26,28,30,49
433,3700,20,9,2000,16,18,19,26,30,49
434,3707,14,10,2000,5,7,10,13,36,38
434,5984,17,8,2017,7,10,13,19,36,38
435,789,19,12,1971,3,4,8,32,39,49
435,3709,21,10,2000,3,4,8,21,32,49
436,2769,19,10,1991,2,8,21,28,33,36
436,3723,9,12,2000,1,2,8,21,33,36
437,2470,10,12,1988,9,12,26,27,47,49
437,3724,13,12,2000,9,22,26,27,47,49
438,3752,21,3,2001,2,14,22,24,26,34
438,6172,30,10,2018,2,14,22,24,26,36
439,3090,16,11,1994,2,20,29,30,35,43
439,3762,25,4,2001,1,2,20,29,30,43
440,1738,6,12,1981,1,17,26,28,34,38
440,3773,2,6,2001,1,17,28,34,38,43
441,3781,30,6,2001,7,9,21,36,39,41
441,5176,19,6,2012,7,9,21,32,36,41
442,674,7,12,1969,4,13,15,25,27,31
442,3797,25,8,2001,4,15,25,27,31,33
443,603,4,8,1968,3,12,14,29,32,41
443,3810,10,10,2001,3,12,14,28,29,41
444,1998,2,6,1984,9,13,18,35,39,48
444,3816,31,10,2001,9,18,30,35,39,48
445,3826,5,12,2001,7,25,41,44,45,47
445,5231,25,10,2012,7,24,25,41,45,47
446,1160,23,5,1976,15,24,33,41,42,43
446,3846,13,2,2002,1,15,24,33,42,43
447,3848,20,2,2002,7,10,11,19,27,46
447,5398,19,11,2013,7,10,11,12,19,27
448,1475,27,5,1979,1,7,16,29,32,39
448,3852,6,3,2002,7,14,16,29,32,39
449,1046,20,4,1975,2,4,26,27,32,48
449,3854,13,3,2002,2,4,27,30,32,48
450,3077,1,10,1994,18,21,33,44,45,49
450,3861,6,4,2002,18,21,33,38,44,45
451,1123,11,1,1976,17,20,24,30,36,41
451,3862,10,4,2002,1,17,20,30,36,41
452,3875,25,5,2002,7,24,27,29,46,49
452,5432,6,2,2014,7,27,29,32,46,49
453,3879,8,6,2002,4,8,17,43,45,48
453,6023,16,11,2017,4,8,17,33,45,48
454,3906,11,9,2002,7,14,16,25,38,44
454,4909,5,10,2010,7,14,16,36,38,44
454,5939,4,5,2017,7,14,25,38,44,49
455,3915,12,10,2002,24,26,30,41,42,47
455,6327,26,10,2019,24,26,37,41,42,47
456,3558,12,5,1999,11,15,20,23,27,32
456,3927,23,11,2002,15,20,21,23,27,32
457,1838,21,11,1982,4,8,16,26,31,39
457,3936,25,12,2002,4,13,16,26,31,39
458,3256,19,6,1996,4,6,12,25,29,48
458,3948,5,2,2003,6,12,25,29,35,48
459,3949,8,2,2003,19,22,23,29,35,43
459,5037,30,7,2011,6,19,23,29,35,43
460,3963,29,3,2003,8,13,14,23,35,44
460,5765,24,3,2016,13,14,15,23,35,44
461,3967,12,4,2003,2,4,9,31,39,42
461,4940,16,12,2010,4,9,31,39,42,46
462,3492,23,9,1998,6,9,16,19,22,38
462,3974,7,5,2003,6,9,16,22,24,38
463,3070,7,9,1994,4,12,25,30,35,41
463,3983,7,6,2003,12,15,25,30,35,41
464,3478,5,8,1998,6,19,20,29,40,47
464,3996,23,7,2003,6,18,19,29,40,47
465,1589,29,6,1980,5,15,18,24,28,44
465,4013,20,9,2003,5,15,18,21,24,28
466,2407,30,4,1988,6,10,11,24,33,43
466,4042,31,12,2003,10,11,23,24,33,43
467,639,6,4,1969,3,19,24,41,42,45
467,4047,17,1,2004,3,19,24,31,41,45
468,4060,3,3,2004,7,9,21,29,38,46
468,4593,27,9,2008,6,7,9,21,29,46
469,1785,16,5,1982,6,16,29,35,38,39
469,4066,24,3,2004,6,21,29,35,38,39
470,1975,11,3,1984,1,14,26,30,44,45
470,4070,7,4,2004,1,5,14,26,44,45
471,3465,20,6,1998,4,5,27,34,36,46
471,4072,14,4,2004,1,4,5,34,36,46
472,847,5,11,1972,1,5,14,15,28,41
472,4075,24,4,2004,1,14,15,28,37,41
473,76,27,7,1958,19,21,22,25,36,44
473,4077,1,5,2004,8,21,22,25,36,44
473,4144,22,12,2004,21,22,25,26,36,44
474,4104,4,8,2004,4,9,12,22,24,45
474,4618,25,11,2008,4,9,22,24,40,45
475,2686,5,1,1991,3,8,10,17,18,44
475,4111,28,8,2004,3,7,8,10,17,44
476,942,3,2,1974,5,26,27,43,45,46
476,4113,4,9,2004,13,26,27,43,45,46
477,2899,16,1,1993,5,13,21,29,39,42
477,4116,15,9,2004,5,21,29,39,41,42
478,4123,9,10,2004,13,15,22,23,24,32
478,4888,17,8,2010,13,17,22,23,24,32
479,76,27,7,1958,19,21,22,25,36,44
479,1614,28,9,1980,21,22,25,26,42,44
479,4077,1,5,2004,8,21,22,25,36,44
479,4144,22,12,2004,21,22,25,26,36,44
480,2396,26,3,1988,3,7,22,26,32,42
480,4153,22,1,2005,7,21,22,26,32,42
481,4173,2,4,2005,2,11,12,32,34,47
481,5790,21,5,2016,11,12,25,32,34,47
482,950,10,3,1974,13,15,18,27,30,34
482,4200,6,7,2005,15,18,24,27,30,34
483,3683,22,7,2000,8,16,17,24,27,39
483,4223,24,9,2005,8,16,24,27,31,39
484,2098,18,5,1985,4,5,6,27,34,43
484,4231,22,10,2005,5,6,14,27,34,43
485,1921,4,9,1983,11,14,27,36,40,45
485,4258,25,1,2006,5,11,14,36,40,45
486,4264,15,2,2006,10,23,28,32,41,49
486,5056,13,9,2011,9,10,28,32,41,49
486,5828,18,8,2016,10,13,23,28,32,49
487,4266,22,2,2006,4,19,21,38,42,45
487,5420,9,1,2014,4,6,19,38,42,45
488,4267,25,2,2006,3,11,13,28,31,37
488,5551,11,11,2014,2,3,11,13,28,31
489,4273,18,3,2006,5,14,17,27,36,48
489,4334,18,10,2006,4,5,14,17,36,48
490,4280,12,4,2006,2,15,18,25,26,46
490,5371,17,9,2013,2,8,15,25,26,46
491,4310,26,7,2006,2,15,19,30,39,48
491,5354,8,8,2013,2,15,19,30,37,48
492,2540,12,8,1989,1,10,15,32,44,48
492,4313,5,8,2006,1,10,15,25,32,48
493,2925,17,4,1993,3,17,21,22,24,29
493,4321,2,9,2006,3,17,19,21,22,29
494,2293,28,3,1987,3,6,7,12,26,28
494,4323,10,9,2006,3,6,7,12,28,32
495,253,17,12,1961,7,27,32,34,36,41
495,3206,27,12,1995,7,27,30,34,36,41
495,4332,11,10,2006,7,27,34,36,41,46
496,4273,18,3,2006,5,14,17,27,36,48
496,4334,18,10,2006,4,5,14,17,36,48
497,281,1,7,1962,5,8,22,33,39,48
497,4336,25,10,2006,1,5,22,33,39,48
498,2686,5,1,1991,3,8,10,17,18,44
498,4337,28,10,2006,8,10,12,17,18,44
499,2187,22,3,1986,17,22,25,30,31,39
499,4338,1,11,2006,22,24,25,30,31,39
500,2454,15,10,1988,9,15,26,34,36,47
500,4340,8,11,2006,15,26,34,36,47,49
501,4351,16,12,2006,6,16,28,31,36,47
501,5885,29,12,2016,6,16,27,28,31,36
502,4356,3,1,2007,18,31,38,45,46,49
502,5593,17,2,2015,18,34,38,45,46,49
503,1501,26,8,1979,11,19,27,31,43,45
503,4372,28,2,2007,4,11,19,27,43,45
504,904,5,8,1973,4,13,25,27,47,48
504,4378,21,3,2007,4,17,25,27,47,48
505,3663,13,5,2000,7,8,15,38,43,46
505,4386,18,4,2007,7,15,22,38,43,46
506,2220,19,7,1986,6,8,24,27,40,49
506,4398,30,5,2007,6,8,24,32,40,49
507,3074,21,9,1994,2,7,10,16,21,30
507,4399,2,6,2007,2,10,16,21,30,44
508,1371,28,5,1978,1,14,19,28,32,38
508,4402,13,6,2007,1,14,19,27,28,38
509,1885,1,5,1983,4,33,36,40,45,47
509,4408,4,7,2007,4,16,33,40,45,47
510,679,4,1,1970,3,13,19,22,32,36
510,4415,28,7,2007,3,19,22,23,32,36
511,4423,25,8,2007,4,5,8,17,28,30
511,5789,19,5,2016,4,5,8,17,25,30
512,1410,15,10,1978,5,15,25,26,40,42
512,4425,1,9,2007,5,15,21,25,26,40
513,3194,15,11,1995,8,12,14,18,24,28
513,4441,9,10,2007,5,8,12,14,18,24
514,4443,13,10,2007,5,13,14,27,28,45
514,5656,14,7,2015,5,13,14,28,42,45
515,2326,25,7,1987,6,8,11,12,34,45
515,4453,6,11,2007,6,11,12,15,34,45
516,3311,28,12,1996,3,11,12,21,39,44
516,4455,10,11,2007,3,11,12,21,32,44
517,2896,6,1,1993,4,5,19,24,44,46
517,4480,8,1,2008,4,5,19,24,29,44
517,5577,10,1,2015,5,12,19,24,29,44
518,4482,12,1,2008,7,16,21,22,26,45
518,6201,5,1,2019,7,16,18,21,22,26
519,3663,13,5,2000,7,8,15,38,43,46
519,4494,9,2,2008,7,8,30,38,43,46
520,1972,4,3,1984,2,15,19,34,35,42
520,4499,21,2,2008,2,15,19,34,35,44
521,2174,8,2,1986,6,10,25,29,32,42
521,4529,1,5,2008,5,6,10,25,29,32
522,277,3,6,1962,12,18,25,30,32,39
522,4533,10,5,2008,3,18,25,30,32,39
523,900,15,7,1973,6,29,34,35,36,41
523,4539,24,5,2008,6,23,29,34,35,36
524,4545,7,6,2008,19,20,30,31,46,47
524,5111,19,1,2012,19,20,30,31,45,46
525,2532,15,7,1989,11,12,14,35,39,42
525,4551,21,6,2008,12,14,18,35,39,42
526,4577,21,8,2008,22,35,42,43,46,49
526,4820,11,3,2010,4,22,35,42,43,49
527,602,28,7,1968,2,24,26,36,37,46
527,1250,3,4,1977,24,30,33,36,37,46
527,4582,2,9,2008,24,26,33,36,37,46
528,1822,26,9,1982,14,17,18,22,33,46
528,4585,9,9,2008,14,17,22,24,33,46
529,2977,16,10,1993,1,13,16,17,22,36
529,4589,18,9,2008,1,13,16,17,22,37
530,4590,20,9,2008,5,15,25,27,45,47
530,5891,12,1,2017,5,25,27,45,47,49
530,6475,6,10,2020,5,15,20,25,27,47
531,4060,3,3,2004,7,9,21,29,38,46
531,4593,27,9,2008,6,7,9,21,29,46
532,1432,31,12,1978,3,18,19,28,33,47
532,4602,18,10,2008,3,6,18,19,28,33
533,2814,25,3,1992,4,6,37,41,42,47
533,4606,28,10,2008,4,6,19,37,41,42
534,1590,6,7,1980,2,3,22,31,36,44
534,4607,30,10,2008,2,22,31,36,44,46
535,119,24,5,1959,5,17,20,23,32,34
535,4617,22,11,2008,17,20,23,32,34,48
536,4104,4,8,2004,4,9,12,22,24,45
536,4618,25,11,2008,4,9,22,24,40,45
537,1360,23,4,1978,11,24,27,39,40,42
537,4624,9,12,2008,11,22,24,27,40,42
538,2431,23,7,1988,3,6,7,38,40,46
538,4626,13,12,2008,3,7,38,40,43,46
539,2071,9,2,1985,5,10,17,33,39,46
539,4631,25,12,2008,2,10,17,33,39,46
540,2033,29,9,1984,1,8,13,17,23,40
540,4633,30,12,2008,8,11,13,17,23,40
541,2147,2,11,1985,10,11,15,28,37,39
541,4640,15,1,2009,10,11,15,24,28,37
542,3114,8,2,1995,3,21,23,30,40,41
542,4648,3,2,2009,3,18,21,23,30,41
542,4976,10,3,2011,3,18,21,23,27,30
543,4654,17,2,2009,12,26,39,40,44,49
543,5781,30,4,2016,23,26,39,40,44,49
544,4657,24,2,2009,32,36,38,45,47,49
544,4972,1,3,2011,26,32,36,38,45,49
545,2721,4,5,1991,6,13,23,32,41,47
545,4661,5,3,2009,13,23,32,41,45,47
546,1881,17,4,1983,6,32,37,40,46,49
546,4687,5,5,2009,6,32,40,45,46,49
547,2586,20,1,1990,6,9,10,13,35,40
547,4696,26,5,2009,6,9,10,13,35,37
548,1668,5,4,1981,17,21,31,35,39,41
548,4703,11,6,2009,21,23,31,35,39,41
549,185,28,8,1960,5,9,10,29,39,41
549,4725,1,8,2009,5,9,10,20,29,39
550,4729,11,8,2009,6,7,14,25,39,42
550,6206,17,1,2019,6,7,13,14,39,42
551,4731,15,8,2009,1,7,29,35,38,45
551,6088,17,4,2018,1,7,9,29,35,45
552,1432,31,12,1978,3,18,19,28,33,47
552,4733,20,8,2009,3,5,18,19,33,47
553,813,7,5,1972,3,6,7,21,41,45
553,4735,25,8,2009,3,7,21,34,41,45
554,2538,5,8,1989,4,17,19,26,35,48
554,4741,8,9,2009,4,7,19,26,35,48
555,2403,16,4,1988,18,26,31,35,42,46
555,4749,26,9,2009,18,26,35,42,43,46
556,2193,12,4,1986,4,16,19,23,27,30
556,4751,1,10,2009,4,16,19,27,28,30
556,5794,31,5,2016,4,12,16,27,28,30
557,41,10,11,1957,8,19,28,30,31,47
557,4789,29,12,2009,8,16,19,30,31,47
558,4794,9,1,2010,2,3,16,25,38,40
558,6041,28,12,2017,2,3,7,25,38,40
559,645,18,5,1969,6,25,26,33,34,35
559,4801,26,1,2010,6,23,25,26,33,35
560,4577,21,8,2008,22,35,42,43,46,49
560,4820,11,3,2010,4,22,35,42,43,49
561,4830,3,4,2010,16,17,31,36,37,42
561,5896,24,1,2017,17,31,36,37,42,46
562,166,17,4,1960,1,14,28,34,41,43
562,4855,1,6,2010,1,14,25,28,34,41
563,4856,3,6,2010,17,20,29,43,44,45
563,6362,16,1,2020,1,20,29,43,44,45
564,4861,15,6,2010,14,16,29,36,38,44
564,4909,5,10,2010,7,14,16,36,38,44
565,4877,22,7,2010,9,15,21,33,40,43
565,6400,14,4,2020,8,9,15,21,33,43
566,325,5,5,1963,1,27,34,40,44,46
566,4879,27,7,2010,1,6,27,34,40,46
567,77,3,8,1958,2,4,22,31,32,43
567,4880,29,7,2010,2,4,22,30,31,32
568,4123,9,10,2004,13,15,22,23,24,32
568,4888,17,8,2010,13,17,22,23,24,32
569,3906,11,9,2002,7,14,16,25,38,44
569,4861,15,6,2010,14,16,29,36,38,44
569,4909,5,10,2010,7,14,16,36,38,44
570,4924,9,11,2010,1,12,22,28,40,47
570,5964,1,7,2017,12,22,28,30,40,47
571,2778,20,11,1991,7,14,20,21,32,38
571,4928,18,11,2010,7,20,21,26,32,38
572,1056,25,5,1975,19,22,25,32,40,46
572,4931,25,11,2010,19,22,25,28,40,46
573,4936,7,12,2010,13,22,24,27,36,37
573,6051,20,1,2018,22,24,25,27,36,37
574,3967,12,4,2003,2,4,9,31,39,42
574,4940,16,12,2010,4,9,31,39,42,46
575,4969,22,2,2011,1,15,17,31,42,46
575,5318,16,5,2013,1,15,17,31,41,42
576,2301,25,4,1987,3,26,32,36,45,49
576,4657,24,2,2009,32,36,38,45,47,49
576,4972,1,3,2011,26,32,36,38,45,49
577,4648,3,2,2009,3,18,21,23,30,41
577,4976,10,3,2011,3,18,21,23,27,30
578,1731,8,11,1981,8,10,16,24,29,44
578,4991,14,4,2011,5,8,10,16,24,44
579,2532,15,7,1989,11,12,14,35,39,42
579,4999,3,5,2011,11,12,14,35,37,39
580,2386,20,2,1988,3,22,29,35,41,47
580,5018,16,6,2011,22,23,29,35,41,47
581,1263,15,5,1977,5,8,19,32,41,46
581,5020,21,6,2011,2,5,19,32,41,46
582,503,18,9,1966,3,10,11,12,28,29
582,5021,23,6,2011,3,11,12,28,29,43
583,3501,24,10,1998,31,33,35,36,38,43
583,5026,5,7,2011,15,31,35,36,38,43
584,929,2,12,1973,13,17,28,29,48,49
584,5029,12,7,2011,14,17,28,29,48,49
585,3949,8,2,2003,19,22,23,29,35,43
585,5037,30,7,2011,6,19,23,29,35,43
586,549,30,7,1967,15,20,29,33,39,46
586,5043,13,8,2011,15,20,29,33,34,46
587,5048,25,8,2011,10,21,37,39,43,46
587,5619,18,4,2015,10,21,34,37,43,46
588,5049,27,8,2011,1,22,37,40,48,49
588,6537,27,2,2021,1,22,37,40,42,48
589,4264,15,2,2006,10,23,28,32,41,49
589,5056,13,9,2011,9,10,28,32,41,49
590,1690,21,6,1981,6,19,24,28,31,35
590,5086,22,11,2011,6,9,19,28,31,35
591,1755,31,1,1982,11,17,19,23,38,42
591,5094,10,12,2011,11,17,23,38,42,46
592,4545,7,6,2008,19,20,30,31,46,47
592,5111,19,1,2012,19,20,30,31,45,46
593,1109,23,11,1975,8,27,30,41,44,49
593,5113,24,1,2012,27,30,41,42,44,49
594,151,3,1,1960,3,6,11,15,27,48
594,1871,13,3,1983,3,6,15,21,27,37
594,5114,26,1,2012,3,6,15,27,37,48
595,2877,31,10,1992,23,26,36,39,40,45
595,5131,6,3,2012,10,26,36,39,40,45
596,1572,4,5,1980,3,4,18,19,39,43
596,5146,10,4,2012,3,4,18,20,39,43
597,1279,10,7,1977,19,24,25,37,40,42
597,5156,3,5,2012,18,19,24,25,40,42
598,5166,26,5,2012,7,14,20,25,39,46
598,5825,11,8,2016,7,8,20,25,39,46
599,3781,30,6,2001,7,9,21,36,39,41
599,5176,19,6,2012,7,9,21,32,36,41
600,996,20,10,1974,5,8,11,13,35,49
600,5185,10,7,2012,5,8,13,35,45,49
601,2524,17,6,1989,12,20,27,36,42,46
601,5205,25,8,2012,12,27,36,42,45,46
602,5215,18,9,2012,17,22,32,35,41,44
602,5717,3,12,2015,17,32,35,39,41,44
603,1579,25,5,1980,2,16,37,38,45,48
603,5225,11,10,2012,2,4,16,37,38,48
604,3826,5,12,2001,7,25,41,44,45,47
604,5231,25,10,2012,7,24,25,41,45,47
605,80,24,8,1958,17,21,27,35,41,49
605,5243,22,11,2012,7,17,21,27,41,49
606,71,22,6,1958,2,14,22,44,48,49
606,5256,22,12,2012,2,14,22,43,44,48
607,1486,8,7,1979,5,12,27,29,30,49
607,5264,10,1,2013,5,21,27,29,30,49
608,3022,23,3,1994,3,18,27,33,40,41
608,5272,29,1,2013,3,13,27,33,40,41
609,1627,9,11,1980,6,10,12,22,30,46
609,5283,23,2,2013,6,10,12,22,30,45
609,5331,15,6,2013,6,10,12,22,30,37
610,175,19,6,1960,13,14,27,31,35,40
610,2539,5,8,1989,13,14,27,28,30,31
610,5316,11,5,2013,13,14,27,30,31,35
611,4969,22,2,2011,1,15,17,31,42,46
611,5318,16,5,2013,1,15,17,31,41,42
612,1627,9,11,1980,6,10,12,22,30,46
612,5283,23,2,2013,6,10,12,22,30,45
612,5331,15,6,2013,6,10,12,22,30,37
613,4310,26,7,2006,2,15,19,30,39,48
613,5354,8,8,2013,2,15,19,30,37,48
614,5359,20,8,2013,4,18,26,31,33,42
614,6477,10,10,2020,4,16,18,26,31,42
615,1588,29,6,1980,2,3,26,30,42,45
615,5360,22,8,2013,2,3,17,26,30,42
616,4280,12,4,2006,2,15,18,25,26,46
616,5371,17,9,2013,2,8,15,25,26,46
617,1355,2,4,1978,16,17,23,24,27,33
617,5372,19,9,2013,5,16,17,23,24,33
618,2620,19,5,1990,4,10,11,28,39,46
618,5377,1,10,2013,4,10,11,21,28,39
619,2503,1,4,1989,1,5,7,17,18,40
619,5379,5,10,2013,1,5,17,18,27,40
620,5388,26,10,2013,12,13,16,28,40,47
620,5461,15,4,2014,12,13,15,16,40,47
621,884,6,5,1973,2,4,15,20,22,29
621,5390,31,10,2013,2,4,18,20,22,29
622,3848,20,2,2002,7,10,11,19,27,46
622,5398,19,11,2013,7,10,11,12,19,27
623,206,22,1,1961,5,15,27,37,45,48
623,5410,17,12,2013,5,15,16,27,45,48
624,3471,11,7,1998,5,18,28,38,43,44
624,5412,21,12,2013,18,27,28,38,43,44
625,4266,22,2,2006,4,19,21,38,42,45
625,5420,9,1,2014,4,6,19,38,42,45
626,1005,24,11,1974,4,18,24,30,35,36
626,5430,1,2,2014,4,18,24,30,36,37
627,3875,25,5,2002,7,24,27,29,46,49
627,5432,6,2,2014,7,27,29,32,46,49
628,881,15,4,1973,16,21,22,32,42,44
628,5436,15,2,2014,16,21,27,32,42,44
629,1362,30,4,1978,14,27,33,42,43,49
629,5439,22,2,2014,14,27,33,43,48,49
630,1675,26,4,1981,11,13,29,30,44,46
630,5458,8,4,2014,11,13,17,29,30,46
631,5388,26,10,2013,12,13,16,28,40,47
631,5461,15,4,2014,12,13,15,16,40,47
632,2664,20,10,1990,20,27,32,33,43,46
632,5462,17,4,2014,20,24,27,33,43,46
633,765,1,8,1971,5,13,18,23,30,32
633,5465,24,4,2014,5,8,18,23,30,32
634,2578,23,12,1989,5,15,19,27,31,48
634,5469,3,5,2014,4,5,15,19,27,48
635,290,2,9,1962,1,6,10,15,28,32
635,5475,17,5,2014,1,6,12,15,28,32
636,1704,9,8,1981,3,11,25,29,36,45
636,5479,27,5,2014,3,11,20,29,36,45
637,3327,22,2,1997,8,15,17,26,27,35
637,5483,5,6,2014,8,15,17,27,29,35
638,3463,13,6,1998,1,6,11,14,34,48
638,5539,14,10,2014,6,11,14,31,34,48
639,2969,18,9,1993,2,3,13,28,31,39
639,4267,25,2,2006,3,11,13,28,31,37
639,5551,11,11,2014,2,3,11,13,28,31
640,5560,2,12,2014,3,7,18,40,46,47
640,6536,25,2,2021,3,7,14,18,40,46
641,4480,8,1,2008,4,5,19,24,29,44
641,5577,10,1,2015,5,12,19,24,29,44
642,2736,29,6,1991,9,14,17,20,39,41
642,5584,27,1,2015,9,11,17,20,39,41
643,4356,3,1,2007,18,31,38,45,46,49
643,5593,17,2,2015,18,34,38,45,46,49
644,3245,11,5,1996,2,14,22,23,31,34
644,5596,24,2,2015,2,14,22,23,34,49
645,5048,25,8,2011,10,21,37,39,43,46
645,5619,18,4,2015,10,21,34,37,43,46
646,3134,19,4,1995,5,6,9,11,17,23
646,5644,16,6,2015,5,6,11,17,23,28
647,4443,13,10,2007,5,13,14,27,28,45
647,5656,14,7,2015,5,13,14,28,42,45
648,5669,13,8,2015,14,23,33,40,41,46
648,6365,23,1,2020,22,23,33,40,41,46
649,2554,30,9,1989,1,4,22,33,48,49
649,5671,18,8,2015,1,4,23,33,48,49
650,618,17,11,1968,6,16,21,30,40,47
650,5672,20,8,2015,6,16,21,30,47,48
651,3618,8,12,1999,9,18,20,26,29,44
651,5681,10,9,2015,4,9,18,26,29,44
652,5700,24,10,2015,17,21,28,29,39,45
652,6409,5,5,2020,21,28,29,39,45,49
653,5215,18,9,2012,17,22,32,35,41,44
653,5717,3,12,2015,17,32,35,39,41,44
654,1298,18,9,1977,3,4,26,28,33,38
654,5735,14,1,2016,3,4,8,26,33,38
655,3298,13,11,1996,4,7,16,22,35,46
655,5744,4,2,2016,4,7,16,22,42,46
656,3661,6,5,2000,1,24,29,35,45,47
656,5746,9,2,2016,24,25,29,35,45,47
657,2994,15,12,1993,7,30,31,44,48,49
657,5755,1,3,2016,3,7,30,31,44,48
658,3963,29,3,2003,8,13,14,23,35,44
658,5765,24,3,2016,13,14,15,23,35,44
659,4654,17,2,2009,12,26,39,40,44,49
659,5781,30,4,2016,23,26,39,40,44,49
660,4423,25,8,2007,4,5,8,17,28,30
660,5789,19,5,2016,4,5,8,17,25,30
661,4173,2,4,2005,2,11,12,32,34,47
661,5790,21,5,2016,11,12,25,32,34,47
662,4751,1,10,2009,4,16,19,27,28,30
662,5794,31,5,2016,4,12,16,27,28,30
663,5798,9,6,2016,11,24,33,35,41,47
663,5865,12,11,2016,10,11,24,33,35,47
664,1793,13,6,1982,1,2,26,37,43,44
664,5800,14,6,2016,1,2,13,26,37,44
665,3012,16,2,1994,5,9,27,28,30,34
665,5802,18,6,2016,5,9,27,28,30,48
666,223,21,5,1961,2,7,9,23,26,47
666,5812,12,7,2016,2,7,9,23,42,47
667,5166,26,5,2012,7,14,20,25,39,46
667,5825,11,8,2016,7,8,20,25,39,46
668,4264,15,2,2006,10,23,28,32,41,49
668,5828,18,8,2016,10,13,23,28,32,49
669,5831,25,8,2016,7,8,34,35,37,48
669,6002,28,9,2017,8,10,34,35,37,48
670,550,6,8,1967,2,20,30,44,47,49
670,5835,3,9,2016,2,20,37,44,47,49
671,441,18,7,1965,2,4,6,17,27,49
671,2529,1,7,1989,2,4,17,34,40,49
671,5836,6,9,2016,2,4,6,17,34,49
672,5844,24,9,2016,5,6,9,15,28,46
672,6350,19,12,2019,5,6,15,28,32,46
673,5798,9,6,2016,11,24,33,35,41,47
673,5865,12,11,2016,10,11,24,33,35,47
674,3030,20,4,1994,1,3,13,18,23,38
674,5877,10,12,2016,3,13,18,21,23,38
675,3075,24,9,1994,2,12,16,41,45,46
675,5878,13,12,2016,2,12,16,41,42,46
676,5880,17,12,2016,7,33,37,45,47,48
676,6506,17,12,2020,6,7,33,37,45,47
677,4351,16,12,2006,6,16,28,31,36,47
677,5885,29,12,2016,6,16,27,28,31,36
678,4590,20,9,2008,5,15,25,27,45,47
678,5891,12,1,2017,5,25,27,45,47,49
679,4830,3,4,2010,16,17,31,36,37,42
679,5896,24,1,2017,17,31,36,37,42,46
680,1605,24,8,1980,14,21,38,40,42,44
680,5921,23,3,2017,14,21,32,38,42,44
681,125,5,7,1959,6,23,25,29,30,34
681,5924,30,3,2017,6,18,23,25,30,34
682,3032,27,4,1994,17,21,30,34,40,41
682,5925,1,4,2017,17,21,30,40,41,44
683,3906,11,9,2002,7,14,16,25,38,44
683,5939,4,5,2017,7,14,25,38,44,49
684,2509,22,4,1989,3,25,28,32,34,48
684,5941,9,5,2017,3,17,28,32,34,48
685,210,19,2,1961,3,22,23,28,40,43
685,5942,11,5,2017,3,22,23,28,38,43
686,5943,13,5,2017,6,11,23,37,44,46
686,6000,23,9,2017,11,22,23,37,44,46
687,1111,30,11,1975,4,24,34,40,44,47
687,5945,18,5,2017,4,17,24,34,40,47
688,4924,9,11,2010,1,12,22,28,40,47
688,5964,1,7,2017,12,22,28,30,40,47
689,3707,14,10,2000,5,7,10,13,36,38
689,5984,17,8,2017,7,10,13,19,36,38
690,2274,24,1,1987,4,14,27,35,36,46
690,5985,19,8,2017,4,15,27,35,36,46
691,2099,18,5,1985,4,7,21,34,37,39
691,5989,29,8,2017,4,21,34,37,38,39
692,2846,15,7,1992,15,16,23,31,32,35
692,5998,19,9,2017,3,15,16,31,32,35
693,5943,13,5,2017,6,11,23,37,44,46
693,6000,23,9,2017,11,22,23,37,44,46
694,5831,25,8,2016,7,8,34,35,37,48
694,6002,28,9,2017,8,10,34,35,37,48
695,837,17,9,1972,2,8,18,30,44,46
695,6019,7,11,2017,2,8,18,27,30,46
696,3879,8,6,2002,4,8,17,43,45,48
696,6023,16,11,2017,4,8,17,33,45,48
697,2154,30,11,1985,7,18,20,26,27,29
697,6026,23,11,2017,2,7,18,20,27,29
698,1674,26,4,1981,1,21,27,31,33,41
698,6036,16,12,2017,1,13,27,31,33,41
699,308,6,1,1963,9,13,19,31,35,40
699,6037,19,12,2017,9,13,31,34,35,40
700,4794,9,1,2010,2,3,16,25,38,40
700,6041,28,12,2017,2,3,7,25,38,40
701,4936,7,12,2010,13,22,24,27,36,37
701,6051,20,1,2018,22,24,25,27,36,37
702,762,11,7,1971,5,13,20,24,39,43
702,6059,8,2,2018,5,17,20,24,39,43
703,2281,14,2,1987,1,5,9,11,37,44
703,6066,24,2,2018,1,4,5,11,37,44
704,3655,15,4,2000,13,17,25,32,39,49
704,6075,17,3,2018,13,25,32,34,39,49
705,1722,11,10,1981,3,7,22,32,41,46
705,6086,12,4,2018,3,6,7,22,32,41
706,4731,15,8,2009,1,7,29,35,38,45
706,6088,17,4,2018,1,7,9,29,35,45
707,2147,2,11,1985,10,11,15,28,37,39
707,6092,26,4,2018,1,10,11,15,37,39
708,2357,7,11,1987,2,9,12,17,18,29
708,6104,24,5,2018,2,9,12,17,18,23
709,1710,30,8,1981,3,8,18,19,27,36
709,6108,2,6,2018,3,8,12,19,27,36
710,466,9,1,1966,17,23,26,30,31,32
710,6110,7,6,2018,23,26,30,31,32,35
711,3048,22,6,1994,10,19,25,31,39,49
711,6113,14,6,2018,10,25,31,39,42,49
712,284,22,7,1962,6,9,30,31,34,39
712,6116,21,6,2018,6,9,22,30,34,39
713,3657,22,4,2000,1,3,13,25,38,44
713,6125,12,7,2018,3,13,24,25,38,44
714,2793,11,1,1992,1,4,5,15,39,47
714,6130,24,7,2018,4,5,15,37,39,47
715,2217,5,7,1986,3,5,6,23,36,40
715,6133,31,7,2018,3,5,6,24,36,40
716,3026,6,4,1994,7,24,36,38,42,44
716,6154,18,9,2018,7,21,24,36,38,42
717,1477,3,6,1979,2,14,24,26,36,40
717,3752,21,3,2001,2,14,22,24,26,34
717,6172,30,10,2018,2,14,22,24,26,36
718,1847,19,12,1982,2,13,21,24,27,36
718,6188,6,12,2018,2,21,24,27,35,36
719,4482,12,1,2008,7,16,21,22,26,45
719,6201,5,1,2019,7,16,18,21,22,26
720,4729,11,8,2009,6,7,14,25,39,42
720,6206,17,1,2019,6,7,13,14,39,42
721,1380,2,7,1978,1,14,34,36,38,44
721,6208,22,1,2019,1,10,14,36,38,44
722,2536,29,7,1989,9,27,31,34,37,39
722,6237,30,3,2019,9,27,31,34,37,45
723,2287,7,3,1987,7,11,18,21,29,46
723,6251,2,5,2019,7,9,11,18,29,46
724,2560,21,10,1989,2,6,8,16,25,48
724,6253,7,5,2019,2,6,8,16,36,48
725,3187,21,10,1995,3,4,6,11,23,40
725,6281,11,7,2019,4,6,11,23,40,49
726,2683,22,12,1990,14,17,26,30,35,46
726,6294,10,8,2019,14,17,26,35,39,46
727,340,18,8,1963,13,18,20,23,27,40
727,6300,24,8,2019,13,18,23,27,40,48
728,3915,12,10,2002,24,26,30,41,42,47
728,6327,26,10,2019,24,26,37,41,42,47
729,2730,8,6,1991,4,6,7,15,43,44
729,6328,29,10,2019,6,7,15,27,43,44
730,478,27,3,1966,6,9,20,34,40,42
730,6334,12,11,2019,9,20,34,40,42,43
731,2517,20,5,1989,15,16,21,22,40,49
731,6337,19,11,2019,14,15,16,21,40,49
732,5844,24,9,2016,5,6,9,15,28,46
732,6350,19,12,2019,5,6,15,28,32,46
733,4856,3,6,2010,17,20,29,43,44,45
733,6362,16,1,2020,1,20,29,43,44,45
734,2719,27,4,1991,9,30,32,38,42,45
734,6363,18,1,2020,9,15,30,32,38,42
735,5669,13,8,2015,14,23,33,40,41,46
735,6365,23,1,2020,22,23,33,40,41,46
736,2835,6,6,1992,2,10,22,31,38,43
736,6376,18,2,2020,2,10,19,22,31,38
737,2730,8,6,1991,4,6,7,15,43,44
737,6378,22,2,2020,4,6,15,35,43,44
738,3598,29,9,1999,3,13,14,26,29,37
738,6398,9,4,2020,3,13,14,26,37,38
739,4877,22,7,2010,9,15,21,33,40,43
739,6400,14,4,2020,8,9,15,21,33,43
740,466,9,1,1966,17,23,26,30,31,32
740,6407,30,4,2020,10,17,23,26,30,32
741,5700,24,10,2015,17,21,28,29,39,45
741,6409,5,5,2020,21,28,29,39,45,49
742,677,21,12,1969,3,28,32,36,37,40
742,6411,9,5,2020,8,28,32,36,37,40
743,761,4,7,1971,20,27,30,38,47,49
743,6469,22,9,2020,16,20,27,30,38,47
744,4590,20,9,2008,5,15,25,27,45,47
744,6475,6,10,2020,5,15,20,25,27,47
745,5359,20,8,2013,4,18,26,31,33,42
745,6477,10,10,2020,4,16,18,26,31,42
746,1827,10,10,1982,3,6,7,25,33,45
746,6487,3,11,2020,3,6,10,25,33,45
747,263,25,2,1962,2,5,8,15,22,28
747,6491,12,11,2020,3,5,8,15,22,28
748,1967,12,2,1984,2,5,10,15,28,39
748,6495,21,11,2020,2,10,15,28,39,40
749,5880,17,12,2016,7,33,37,45,47,48
749,6506,17,12,2020,6,7,33,37,45,47
750,338,4,8,1963,1,5,17,23,37,48
750,6511,29,12,2020,1,17,23,37,45,48
751,2649,25,8,1990,13,17,39,43,48,49
751,6522,23,1,2021,13,17,35,39,43,48
752,5560,2,12,2014,3,7,18,40,46,47
752,6536,25,2,2021,3,7,14,18,40,46
753,5049,27,8,2011,1,22,37,40,48,49
753,6537,27,2,2021,1,22,37,40,42,48
